player,team
Trey Alexander,Creighton
Mark Armstrong,Villanova
Adem Bona,UCLA
Carlton Carrington,Pittsburgh
Devin Carter,Providence
Stephon Castle,Connecticut
Cam Christie,Minnesota
Donovan Clingan,Connecticut
Isaiah Collier,USC
Mohamed Diarra,North Carolina St.
Rob Dillingham,Kentucky
Ryan Dunn,Virginia
Justin Edwards,Kentucky
Kyle Filipowski,Duke
Johnny Furphy,Kansas
Kyshawn George,Miami FL
DaRon Holmes II,Dayton
Harrison Ingram,North Carolina
Bronny James,USC
Jared McCain,Duke
Judah Mintz,Syracuse
Yves Missi,Baylor
Ajay Mitchell,UC Santa Barbara
Reed Sheppard,Kentucky
KJ Simpson,Colorado
Jaylon Tyson,California
Ja'Kobe Walter ,Baylor
Kel'el Ware,Indiana
Jaylen Wells,Washington State
Cody Williams,Colorado
JZ Zaher,Bowling Green
Reece Beekman,Virginia
Jalen Bridges,Baylor
Jalen Cook,LSU
Isaiah Crawford,Louisiana Tech
Tristan da Silva,Colorado
Zach Edey,Purdue
Eric Gaines,UAB
PJ Hall,Clemson
Oso Ighodaro,Marquette
David Jones,Memphis
Dillon Jones,Weber State
Tyler Kolek,Marquette
Pelle Larsson,Arizona
Jonathan Mogbo,San Francisco
Jamal Shead,Houston
Jason Spurgin,Bowling Green 
Jaykwon Walton,Memphis
